Name;Category;DOI;Publication year;Short description;Software type;Tool website
AdaPatch;(positive) selection, evolution, proteomics, virus-host interactions;http://dx.doi.org/10.1093/molbev/mss095;2012;Detecting patches of protein sites under positive selection;web application;http://research.bifo.helmholtz-hzi.de/software/
AncesTree;alignment, evolution, immunology, phylogenetics, therapeutics;http://dx.doi.org/10.1371/journal.pcbi.1007731;2020;Interactive immunoglobulin lineage tree visualizer;GUI, Java, git repository;https://github.com/MathildeFogPerez/ancestree
AnnapuRNA;RNA secondary structure (prediction), therapeutics;https://doi.org/10.1371/journal.pcbi.1008309;2021;scoring function for predicting RNA-small molecule interactions;Conda, Jupyter Notebook, Python, command line tool, git repository;https://github.com/filipspl/AnnapuRNA
AntigenicTree;evolution, immunology, phylogenetics;http://dx.doi.org/10.1371/journal.pcbi.1002492;2012;phylogenetic tree and antigenic distances;web application;http://research.bifo.helmholtz-hzi.de/software/
AntiPatch;(positive) selection, evolution, immunology, proteomics;http://dx.doi.org/10.1093/ve/vev025;2016;Inferring antigenicity-altering patches of sites on a protein structure;C++, command line tool, git repository;https://github.com/hzi-bifo/PatchInference
ArboTyping;alignment, annotation, classification, genotyping / subtyping, phylogenetics;http://dx.doi.org/10.1371/journal.pntd.0007231;2019;Identification of Dengue, Zika and Chikungunya virus species and genotypes;web application;http://krisp.ukzn.ac.za/app/
ARTIC Workflow;annotation, nanopore sequencing;;2020;virus sequencing data sequenced with nanopore;Conda, Python, command line tool, git repository;https://github.com/artic-network/fieldbioinformatics
Augur;evolution, phylogenetics;https://dx.doi.org/10.21105%2Fjoss.02906;2021;real-time phylodynamic analysis analyses of human pathogens;Conda, Python, command line tool, git repository;https://github.com/nextstrain/augur
AV454;assembly;http://dx.doi.org/10.1371/journal.ppat.1002529;2012;Assemble Viral 454;command line tool;https://www.broadinstitute.org/viral-genomics/av454
BACTER;evolution, phylogenetics;http://dx.doi.org/10.1534/genetics.116.193425;2017;Bayesian inference of ancestral recombination graphs (ARG);BEAST2 package, Java, git repository;https://tgvaughan.github.io/bacter/
Base-By-Base;alignment, annotation, phylogenetics;http://dx.doi.org/10.3390/v10110637;2018;creation and editing of multiple sequence alignments;GUI, Java;https://4virology.net/virology-ca-tools/base-by-base/
BEAST / BEAST 2;epidemiology, evolution, phylogenetics;http://dx.doi.org/10.1371/journal.pcbi.1006650;2019;Bayesian Evolutionary Analysis by Sampling Trees;GUI, Java, git repository;https://www.beast2.org/
BERTax;classification, taxonomy;https://doi.org/10.1101/2021.07.09.451778;2021;taxonomic classification of DNA sequences with Deep Neural Networks;Conda, Docker, Python, command line tool, git repository, machine learning, pip;https://github.com/f-kretschmer/bertax
CAMI ;assembly, benchmarking, metagenomics / metatranscriptomics / metaproteomics;http://dx.doi.org/10.1101/2020.08.11.245712;2020;Critical Assessment of Metagenome Interpretation;;https://data.cami-challenge.org/
CAMISIM;benchmarking, metagenomics / metatranscriptomics / metaproteomics, modeling / simulation, taxonomy;http://dx.doi.org/10.1186/s40168-019-0633-6;2019;Simulating metagenomes and microbial communities;Docker, Python, command line tool, git repository;https://github.com/CAMI-challenge/CAMISIM
CCHFV Primer Checker;diagnostics, primer design;http://dx.doi.org/10.3390/v11100953;2019;evaluate the detection efficacy of molecular assays ;Python, git repository;https://github.com/cesaregruber/CCHFV-PrimerChecker
Cenote-Taker2;annotation, assembly, evolution, genotyping / subtyping, sequence diversity / variation;https://doi.org/10.7554/eLife.51971;2020;Discover and annotate divergent viral contigs;Conda, Python, Shell, command line tool, git repository;https://github.com/mtisza1/Cenote-Taker2
CheckV;annotation, assembly, metagenomics / metatranscriptomics / metaproteomics;https://doi.org/10.1101/2020.05.06.081778;2020;Assessing the quality of metagenome-assembled viral genomes;Conda, Docker, command line tool;https://bitbucket.org/berkeleylab/checkv/src/master/
Chemical Checker ;therapeutics;https://doi.org/10.1038/s41587-020-0502-7;;COVID-19 drug candidates;database, web application;https://sbnb.irbbarcelona.org/covid19/
CIAlign;alignment, visualization;https://doi.org/10.1101/2020.09.14.291484;2022;clean and analyse multiple sequence alignments;Python, command line tool, git repository;https://github.com/KatyBrown/CIAlign
CLI ENA;;https://doi.org/10.1093/bioinformatics/btab421;2021;submit raw sequencing reads of SARS-CoV-2 to ENA;database;https://github.com/usegalaxy-eu/ena-upload-cli
COG-UK-Mutation Explorer;epidemiology, evolution, sequence diversity / variation;https://doi.org/10.1093/ve/veac023;2022;Tracking SARS-CoV-2 mutations and variants;web application;https://sars2.cvr.gla.ac.uk/cog-uk/
COJAC;sequence diversity / variation;https://doi.org/10.1101/2021.01.08.21249379;2021;CoOccurrence adJusted Analysis and Calling;Conda, Python, command line tool, git repository;https://github.com/cbg-ethz/cojac
CORDITE;protein-protein interactions, proteomics, therapeutics;https://doi.org/10.1016/j.isci.2020.101297;2020;CORona Drug InTEractions database;database;https://corona.mathematik.uni-marburg.de/
coronapp;annotation, sequence diversity / variation;https://doi.org/10.1002/jmv.26678;2020;annotate and monitor SARS-CoV-2 mutations;git repository, web application;http://giorgilab.dyndns.org/coronapp/
coronaSPAdes;RNA viruses, assembly, metagenomics / metatranscriptomics / metaproteomics, transcriptomics;https://doi.org/10.1101/2020.07.28.224584;2020;coronavirus assembly mode for SPAdes assembler;Python, command line tool;https://cab.spbu.ru/software/coronaspades/
Coronavirus typing tool;annotation, genotyping / subtyping, phylogenetics;http://dx.doi.org/10.1093/bioinformatics/bty695;2018;identify the Coronavirus types and genotypes of a nucleotide sequence;web application;https://www.genomedetective.com/app/typingtool/cov/
Coronavirus Vaccine Tracker;immunology, therapeutics, vaccines;;;;;https://www.nytimes.com/interactive/2020/science/coronavirus-vaccine-tracker.html
CoV-GLUE;epidemiology, evolution, sequence diversity / variation;http://dx.doi.org/10.20944/preprints202006.0225.v1;2020;Amino acid analysis for the SARS-CoV-2 pandemic;database, web application;http://cov-glue.cvr.gla.ac.uk/
CoVex;therapeutics, virus-host interactions;https://doi.org/10.1038/s41467-020-17189-2;2020;Coronavirus Explorer;database, web application;https://exbio.wzw.tum.de/covex/
COVID-19 Disease Map;virus-host interactions;http://dx.doi.org/10.1038/s41597-020-0477-8;2020;knowledge repository of molecular mechanisms of COVID-19;database;https://covid.pages.uni.lu/
COVID-19 Re;epidemiology, modeling / simulation, visualization;https://doi.org/10.1101/2020.11.26.20239368;2020;near real time monitoring of Re;R, git repository, web application;https://ibz-shiny.ethz.ch/covid-19-re-international/
Covid-19 Simulator;epidemiology, modeling / simulation;;2020;epidemiological model;web application;http://www.kaderali.org:3838/covidsim
Covid-19 trajectories;epidemiology;http://dx.doi.org/10.1101/2020.06.04.20120725;2020;Monitoring pandemic in the worldwide context;web application;https://www.izbi.uni-leipzig.de/current-projects/covid19-viewer/
COVID19 tissue simulator;modeling / simulation, therapeutics;https://doi.org/10.1101/2020.04.02.019075;2020;Prototype 2-D multicellular simulation of COVID19;GUI, web application;https://nanohub.org/resources/32987
COVIDep;epitopes, immunology, therapeutics, vaccines, visualization;https://doi.org/10.1038/s41596-020-0358-9;2020;Real-time reporting of vaccine target recommendations for SARS-CoV-2;web application;https://covidep.ust.hk/
Covidex;classification, genotyping / subtyping;https://doi.org/10.1016/j.meegid.2022.105261;2020;Alignment-free machine learning subtyping for viral species;GUI, machine learning, web application;https://cacciabue.shinyapps.io/shiny2/
COVIDStrategyCalculator;epidemiology, modeling / simulation;https://doi.org/10.1101/2020.11.18.20233825;2020;assess testing- and quarantine strategies for incoming travelers, contact person management and de-isolation;C++, GUI, git repository;https://github.com/CovidStrategyCalculator/CovidStrategyCalculator
CoVigator;annotation, sequence diversity / variation;;2021;NGS variant calling on SARS-CoV-2;Jupyter Notebook, Nextflow, command line tool, git repository;https://github.com/TRON-Bioinformatics/covigator-ngs-pipeline
CoVPipe;assembly;;2020;Amplicon-based genome reconstruction of SARS-CoV-2 genomes;Conda, Docker, Python, Snakemake, command line tool, git repository;https://gitlab.com/RKIBioinformaticsPipelines/ncov_minipipe
CovRadar;alignment, epidemiology, phylogenetics, proteomics, sequence diversity / variation, visualization;https://doi.org/10.1101/2021.02.03.429146;2021;tracking and filtering of SARS-CoV-2 mutations;Conda, Docker, Python, Snakemake, git repository, web application;https://covradar.net/
Dark matter;;;;collection of Python tools for filtering and visualizinghttps://en.wikipedia.org/wiki/DNA_sequencing#Next-generation_methodsNGS reads;Python, command line tool, git repository;https://github.com/acorg/dark-matter
DarkQ;epidemiology;https://doi.org/10.12688/f1000research.54255.1;2021;continuous genomic monitoring using message queues;Conda, Nextflow, Python, command line tool, git repository;github.com/phiweger/darkq
DeePaC;classification, diagnostics, prediction;https://doi.org/10.1093/bioinformatics/btz541;2019;Deep Learning Approach to Pathogenicity Classification;Conda, Docker, Python, R, command line tool, git repository;https://gitlab.com/dacs-hpi/deepac
DeePaC-Live;classification, diagnostics, prediction;https://doi.org/10.1093/bib/bbab269;2021;real-time detection of novel pathogens during sequencing;Conda, Docker, Python, command line tool, git repository, machine learning, pip;https://gitlab.com/dacs-hpi/deepac-live
DeepVirFinder;annotation, genotyping / subtyping, metagenomics / metatranscriptomics / metaproteomics, prediction;https://arxiv.org/abs/1806.07810;2018;Identifying viruses from metagenomic data by deep learning;Python, command line tool, git repository;https://github.com/jessieren/DeepVirFinder
DIGS ;annotation, evolution, sequence diversity / variation, viral integration / EVEs;http://dx.doi.org/10.1101/246835;2018;Database-Integrated Genome Screening;Perl, command line tool, git repository;http://giffordlabcvr.github.io/DIGS-tool/
DinuQ;sequence diversity / variation;http://dx.doi.org/10.3390/v12040462;2020;Dinucleotide Quantification;Python, command line tool, git repository;https://github.com/spyros-lytras/dinuq
DisCVR;diagnostics;http://dx.doi.org/10.1093/ve/vez033;2019;Rapid viral diagnosis from HTS data;GUI, HTML, Java, git repository;http://bioinformatics.cvr.ac.uk/discvr.php
DisGeNET COVID-19 data collection;diagnostics, therapeutics;http://dx.doi.org/10.1093/nar/gkz1021;2019;Database of gene-disease associations;database;https://www.disgenet.org/covid/diseases/summary/
DOE JGI Metagenome Workflow;annotation, assembly, metagenomics / metatranscriptomics / metaproteomics, taxonomy;https://doi.org/10.1128/msystems.00804-20;2021;metagenome data processing;WDL;https://code.jgi.doe.gov/BFoster/jgi_meta_wdl
DONE;annotation, classification, epidemiology;https://doi.org/10.1093/bioinformatics/btaa857;2020;automated pipeline for Download Of NCBI Entries;Python, database, git repository;https://bitbucket.org/genomicepidemiology/done/src/master/
DRUMMER;RNA viruses, modifications, nanopore sequencing;https://doi.org/10.1093/bioinformatics/btac274;2022;Detection of RNA modifications in nanopore direct RNA Sequencing datasets;Conda, Python, command line tool, git repository;https://github.com/DepledgeLab/DRUMMER
DVGFinder ;benchmarking, transcriptomics;https://doi.org/10.3390/v14051114;2022;Defective Viral Genome finder;HTML, Python, command line tool, git repository, machine learning;https://github.com/MJmaolu/DVGfinder
E-Finder;annotation, classification;https://doi.org/10.36255/exonpublications.bioinformatics.2021.ch9;2021;find multigene elements in assembled sequences using profile HMMs;Perl, command line tool, git repository;https://github.com/gruberlab/efinder
Earth Virome;classification, metagenomics / metatranscriptomics / metaproteomics, taxonomy;https://doi.org/10.1038/nprot.2017.063;2015;Detection and grouping of viral sequences from microbiome samples;database, protocol;https://portal.nersc.gov/dna/microbial/prokpubs/EarthVirome_DP/
efam;metagenomics / metatranscriptomics / metaproteomics, proteomics;https://doi.org/10.1093/bioinformatics/btab451;2021;expanded, metaproteome-supported HMM profile database of viral protein families;database;doi.org/10.25739/9vze-4143
eggNOG;annotation, metagenomics / metatranscriptomics / metaproteomics, phylogenetics, proteomics;http://dx.doi.org/10.1093/nar/gky1085;2018;orthology relationships, gene evolutionary histories and functional annotations;database;http://eggnogdb.embl.de/
Ensembl COVID-19 resource;alignment, annotation, proteomics;https://doi.org/10.1093/nar/gkaa942;2020;SARS-CoV-2 genome browser and related resources;database;https://covid-19.ensembl.org/index.html
EPA-ng;classification, evolution, metagenomics / metatranscriptomics / metaproteomics, phylogenetics, taxonomy;http://dx.doi.org/10.1093/sysbio/syy054;2018;Evolutionary Placement Algorithm for Next Generation Sequencing;C++, Conda, command line tool, git repository;https://github.com/Pbdas/epa-ng
EpiDope;epitopes, proteomics;http://dx.doi.org/10.1093/bioinformatics/btaa773;2020;Deep neural network for linear B-cell epitope prediction;Conda, Docker, command line tool, git repository;https://github.com/mcollatz/EpiDope
EpitopeVec;diagnostics, epitopes, immunology, prediction, proteomics, therapeutics;https://doi.org/10.1093/bioinformatics/btab467;2021;Linear Epitope Prediction Using Deep Protein Sequence Embeddings;Python, command line tool, git repository;https://github.com/hzi-bifo/epitope-prediction
ERVcaller;viral integration / EVEs;http://dx.doi.org/10.1093/bioinformatics/btz205;2019;Identifying polymorphic endogenous retrovirus and other transposable element insertions;command line tool;www.uvm.edu/genomics/software/ERVcaller.html
ESCA;assembly;https://doi.org/10.2196/31536;2021;Easy-to-use SARS-CoV-2 genome Assembler;Python, command line tool, git repository;https://github.com/cesaregruber/ESCA
European COVID-19 Data Portal;annotation, epidemiology, evolution;https://doi.org/10.1093/nar/gkab417;2021;Relevant COVID-19 datasets and tools;database;https://www.covid19dataportal.org/
EVA;epidemiology;https://doi.org/10.1038/s41586-021-04014-z;2021;reinforcement learning system for targeted COVID-19 border testing;R, command line tool, git repository, machine learning;https://github.com/vgupta1/EvaTargetedCovid19Testing
FastViromeExplorer;annotation, genotyping / subtyping, metagenomics / metatranscriptomics / metaproteomics, prediction;https://doi.org/10.7717/peerj.4227;2018;Detection and abundance quantification of viruses and phages;Java;https://code.vt.edu/saima5/FastViromeExplorer
Fréchet tree distance measure;epidemiology, phylogenetics;http://dx.doi.org/10.1038/s41598-018-35421-4;2018;comparing phylogeographies across different trees inferred from the same taxa;R, command line tool, git repository;https://github.com/hzi-bifo/FrechetTreeDistance
ganon;classification, metagenomics / metatranscriptomics / metaproteomics;http://dx.doi.org/10.1093/bioinformatics/btaa458;2020;metagenomics classification against large and up-to-date sets of reference sequences;C++, Conda, Python, command line tool, git repository;https://gitlab.com/rki_bioinformatics/ganon
geno2pheno;diagnostics, therapeutics;http://dx.doi.org/10.1093/nar/gky349;2018;Genotypic interpretation system for identifying viral drug resistance using NGS data;web application;http://ngs.geno2pheno.org/
Genome Detective;assembly;http://dx.doi.org/10.1093/bioinformatics/bty695;2018;assemble the genomes of viruses;web application;https://www.genomedetective.com/tools/virus-tool
Genotype Determination tool;classification, genotyping / subtyping;;;classify the genotype/subtype of Flaviviruses;Perl, git repository, web application;https://www.viprbrc.org/brc/home.spg?decorator=flavi
GInPipe;epidemiology, modeling / simulation;https://doi.org/10.1038/s41467-021-26267-y;2021;SARS-CoV-2 incidence reconstruction;Conda, Python, R, command line tool, git repository;https://github.com/KleistLab/GInPipe
GISAID EpiCoV;epidemiology;;2020;rapid sharing of data from the coronavirus causing COVID-19;database;https://www.gisaid.org/
GISAID EpiFlu™;epidemiology;http://dx.doi.org/10.2807/1560-7917.es.2017.22.13.30494;2017;genetic sequence data of influenza viruses;database;http://platform.gisaid.org/
Global Report Investigating Novel Coronavirus Haplotypes;epidemiology, sequence diversity / variation, visualization;https://doi.org/10.12688/wellcomeopenres.16661.1;2021;custom tracking website of SARS-CoV-2 lineages of concern;web application;https://cov-lineages.org/global_report.html
GLUE;evolution, sequence diversity / variation;http://dx.doi.org/10.1186/s12859-018-2459-9;2018;data-centric bioinformatics environment for virus sequence data;Docker, command line tool;http://glue-tools.cvr.gla.ac.uk/
GRAViTy;classification, metagenomics / metatranscriptomics / metaproteomics, taxonomy;https://doi.org/10.1186/s40168-018-0422-7;2018;Genome Relationships Applied to Virus Taxonomy;Python, command line tool, git repository, web application;http://gravity.cvr.gla.ac.uk/
grinch;epidemiology;https://doi.org/10.12688/wellcomeopenres.16661.2;2021;global report investigating novel coronavirus haplotypes;web application;https://cov-lineages.org/index.html#global_reports
Gut Phage Database;bacteriophages, metagenomics / metatranscriptomics / metaproteomics;https://doi.org/10.1016/j.cell.2021.01.029;2021;high-quality, large-scale catalog of phage genomes;database;http://ftp.ebi.ac.uk/pub/databases/metagenomics/genome_sets/gut_phage_database/
Haploflow;assembly;https://doi.org/10.1186/s13059-021-02426-8;2021;strain-resolved de novo assembly of viral genomes;C++, command line tool, git repository;https://github.com/hzi-bifo/Haploflow
hCoronavirusesDB;alignment, annotation, epitopes, proteomics, visualization;https://doi.org/10.1093/database/baac017;2022;Comprehensibe, up-to-date, genetic and proteomic database for the SARS-CoV, MERS-CoV, and SARS-CoV-2;database, web application;http://hcoronaviruses.net/
HCV Database Project;;http://dx.doi.org/10.1093/bioinformatics/bth485;2005;HCV-associated, hand-annotated genetic data;database;https://hcv.lanl.gov/content/index
hecatomb;annotation, genotyping / subtyping, metagenomics / metatranscriptomics / metaproteomics;;2020;Remove false-positive viral sequences;Conda, Python, R, Shell, Snakemake, command line tool, git repository;https://github.com/shandley/hecatomb
Highly Pathogenic H5N1 Clade Classification Tool;classification;;;classifying the clade of the hemagglutinin gene of influenza A(H5) viruses;Perl, git repository, web application;https://www.fludb.org/brc/h5n1Classifier.spg?method=ShowCleanInputPage&decorator=influenza
HIV-phyloTSI;epidemiology, sequence diversity / variation;https://doi.org/10.1101/2022.05.15.22275117;2022;Estimate time since infection (TSI) from HIV deep-sequencing data;Conda, Python, command line tool, git repository, machine learning;https://github.com/BDI-pathogens/HIV-phyloTSI
HIVPRE;prediction, proteomics;https://doi.org/10.1371/journal.pcbi.1009720;2022;prediction of HIV-1 interacting proteins;web application;http://hivpre.cvr.gla.ac.uk/
HMM-prospector;metagenomics / metatranscriptomics / metaproteomics;https://doi.org/10.36255/exonpublications.bioinformatics.2021.ch9;2021;surveying genomic and metagenomic data with profile HMMs;Perl, command line tool, git repository;https://github.com/gruberlab/hmmprospector
HoloVir;annotation, classification, metagenomics / metatranscriptomics / metaproteomics, taxonomy;https://doi.org/10.3389/fmicb.2016.00822;2016;Viral taxonomic classification and gene function assignment;Perl, Python, Shell, command line tool, git repository;https://github.com/plaffy/HoloVir
HSV-1 Viewer;transcriptomics;http://dx.doi.org/10.5281/ZENODO.3465873;2020;viral transcriptome and translatome;database, web application;https://zenodo.org/record/3465873#.XrpifBP7RTY
ICTV Taxonomy;taxonomy;;;taxonomic classification viruses;database;https://talk.ictvonline.org/taxonomy/
Influenza Research Database;alignment, annotation, classification, diagnostics, primer design, proteomics, therapeutics, vaccines, visualization;https://doi.org/10.1093/nar/gkw857;2016;;database, web application;https://www.fludb.org/
Influenza Swine H1 Clade Classification;classification;;;classifies the clade of the HA/H1 viruses from any host;Perl, git repository, web application;https://www.fludb.org/brc/h1CladeClassifier.spg?method=ShowCleanInputPage&decorator=influenza
IRAM;proteomics;http://dx.doi.org/10.1093/database/baz079;2019;Virus capsid database and analysis resource;database;https://iram.iau.edu.sa/
IVA;assembly;https://doi.org/10.1093/bioinformatics/btv120;2015;de novo assembly of RNA virus genomes;Conda, Docker, Python, command line tool, git repository;https://github.com/sanger-pathogens/iva
Jovian;annotation, classification, genotyping / subtyping, metagenomics / metatranscriptomics / metaproteomics, taxonomy;;2020;Process raw NGS data into clinically relevant information;Jupyter Notebook, Python, Shell, Snakemake, command line tool, git repository;https://github.com/DennisSchmitz/Jovian
LAMPA;annotation, proteomics;http://dx.doi.org/10.1093/bioinformatics/btaa065;2020;LArge Multidomain Protein Annotator;Jupyter Notebook, git repository;https://github.com/dvs/hh-suite-notebooks/tree/LAMPA
LAZYPIPE;assembly, genotyping / subtyping, metagenomics / metatranscriptomics / metaproteomics, taxonomy;https://doi.org/10.1093/ve/veaa091;2020;Identification of viruses in host-associated or environmental samples;C++, Perl, R, command line tool;https://www.helsinki.fi/en/projects/lazypipe
LiveKraken;classification, metagenomics / metatranscriptomics / metaproteomics;http://dx.doi.org/10.1093/bioinformatics/bty433;2018;real-time metagenomic classification of illumina data;C++, Conda, Perl, Python, command line tool, git repository;https://gitlab.com/rki_bioinformatics/LiveKraken.
LRIscan;RNA secondary structure (prediction), RNA viruses;http://dx.doi.org/10.1093/bioinformatics/btw323;2016;Long Range Interaction scan;C++, Ruby, command line tool;http://www.rna.uni-jena.de/en/supplements/lriscan/
MARVEL;bacteriophages, genotyping / subtyping, metagenomics / metatranscriptomics / metaproteomics, prediction;https://doi.org/10.3389/fgene.2018.00304;2018;Metagenomic Analyses and Retrieval of Viral ELements;Python, command line tool, git repository;https://github.com/LaboratorioBioinformatica/MARVEL
MASTER;evolution, modeling / simulation, phylogenetics;https://doi.org/10.1093/molbev/mst057;2013;Moments and Stochastic Trees from Event Reactions;BEAST2 package, Java, git repository;https://tgvaughan.github.io/MASTER/
MC-CBN;modeling / simulation, therapeutics;https://doi.org/10.1371/journal.pcbi.1008363;2021;large-scale inference on conjunctive Bayesian networks;C++, R, command line tool, git repository;https://github.com/cbg-ethz/MC-CBN
MEGAN;classification, metagenomics / metatranscriptomics / metaproteomics, taxonomy;https://www.doi.org/10.1101/gr.5969107;2007;Metagenome Analyzer: Microbiome analysis using a single application;GUI, Java, command line tool;https://ab.inf.uni-tuebingen.de/software/megan6
meta-CATS;alignment, diagnostics, sequence diversity / variation, therapeutics, vaccines;https://dx.doi.org/10.1016/j.virol.2013.08.021;2013;Identifying Significant Sequence Variations that Correlate with Virus Attributes;Perl, R, git repository, web application;https://github.com/JCVenterInstitute/Meta-CATS
MetaPhage;annotation, bacteriophages, classification, metagenomics / metatranscriptomics / metaproteomics;https://doi.org/10.1101/2022.04.17.488583;2022;nextflow pipeline for automatic phage discovery;Conda, Docker, Nextflow, Python, R, command line tool, git repository;https://github.com/MattiaPandolfoVR/MetaPhage
MetaPhinder;bacteriophages, classification, metagenomics / metatranscriptomics / metaproteomics;https://doi.org/10.1371/journal.pone.0163111;2016;Identification of bacteriophage sequences in metagenomic data sets;Python, command line tool, git repository, web application;https://github.com/vanessajurtz/MetaPhinder
MetaPop;metagenomics / metatranscriptomics / metaproteomics, sequence diversity / variation, visualization;https://doi.org/10.1186/s40168-022-01231-0;2022;macro- and micro-diversity analyses and visualization of metagenomic-derived populations;Conda, Python, R, command line tool, git repository;https://github.com/metaGmetapop/metapop
MetaPop;metagenomics / metatranscriptomics / metaproteomics, sequence diversity / variation, visualization;https://doi.org/10.1101/2020.11.01.363960;2020;macro- and micro-diversity analyses and visualization of microbial and viral metagenome-derived populations;R, command line tool, git repository;https://github.com/metaGmetapop/metapop
metaviralSPAdes;assembly, metagenomics / metatranscriptomics / metaproteomics;https://doi.org/10.1093/bioinformatics/btaa490;2020;assembly of viruses from metagenomic data;C, C++, Python, command line tool, git repository;https://cab.spbu.ru/software/spades/
metaXplor;metagenomics / metatranscriptomics / metaproteomics, visualization;https://doi.org/10.1093/gigascience/giab001;2021;interactive viral and microbial metagenomic data manager;Docker, Java, web application;https://metaxplor.cirad.fr/metaXplor/
MinionDB;annotation, classification, taxonomy;https://doi.org/10.36255/exonpublications.bioinformatics.2021.ch9;2021;Database of profile HMMs derived from viral protein sequences;database, web application;http://www.bioinfovir.icb.usp.br/minion_db/
MMRdb;alignment, epitopes;http://dx.doi.org/10.1016/j.meegid.2019.103982;2019;Measles, mumps, and rubella viruses database and analysis resource;database;http://mmrdb.org/
MODOMICS;RNA secondary structure (prediction), modifications;https://doi.org/10.1093/nar/gkab1083;2021;database of RNA modification pathways;database, web application;https://iimcb.genesilico.pl/modomics/
MUFFIN;annotation, assembly, metagenomics / metatranscriptomics / metaproteomics;https://doi.org/10.1371/journal.pcbi.1008716;2021;hybrid assembly and differential binning workflow for metagenomics, transcriptomics and pathway analysis.;Nextflow, Python, command line tool;https://github.com/RVanDamme/MUFFIN
multiPhATE;annotation, bacteriophages, genotyping / subtyping;;2019;processing of draft or finished phage genomes;Python, command line tool, git repository;https://github.com/carolzhou/multiPhATE
mVIRs;alignment, annotation, bacteriophages, metagenomics / metatranscriptomics / metaproteomics;https://microbiomejournal.biomedcentral.com/articles/10.1186/s40168-021-01033-w;2021;Localisation of inducible prophages using NGS data;Conda, Python, command line tool, git repository;https://github.com/SushiLab/mVIRs
Nextstrain;epidemiology, evolution, visualization;http://dx.doi.org/10.1093/bioinformatics/bty407;2018;Real-time tracking of pathogen evolution;Conda, Docker, Python, command line tool, database, git repository, web application;https://nextstrain.org/ncov/
OGRE;metagenomics / metatranscriptomics / metaproteomics;https://doi.org/10.1093/bioinformatics/btaa760;2020;Overlap Graph-based metagenomic Read clustEring;Python, Snakemake, command line tool, git repository;https://github.com/Marleen1/OGRE
OrthoDB;annotation, phylogenetics;https://doi.org/10.1093/nar/gkaa1009;2020;Evolutionary and functional annotations of orthologs;database;https://www.orthodb.org/
P-HIPSTer;prediction, protein-protein interactions, therapeutics, virus-host interactions;http://dx.doi.org/10.1016/j.cell.2019.08.005;2019;Pathogen host interactome prediction using structure similarity;web application;http://phipster.org/
pangolin;epidemiology, phylogenetics;https://doi.org/10.1038/s41564-020-0770-5;2020;Phylogenetic Assignment of Named Global Outbreak LINeages;Conda, Python, command line tool, git repository, web application;https://pangolin.cog-uk.io/
Pathway2Targets;prediction, therapeutics;https://doi.org/10.12688/f1000research.52412.2;2021;predicting therapeutics against emerging infectious diseases;R, command line tool, git repository;https://github.com/bpickett/Pathway2Targets
Pathway2Targets;therapeutics;https://doi.org/10.12688/f1000research.52412.2;2021;predicting therapeutics against emerging infectious diseases;R, command line tool, git repository;https://github.com/bpickett/Pathway2Targets
PEPTIDE REACToR;benchmarking, proteomics;https://doi.org/10.1093/nargab/lqab039;2021;in-depth comparison and benchmarking of peptide encodings;Conda, Docker, Python, command line tool, git repository, web application;https://peptidereactor.mathematik.uni-marburg.de/
Persephone;visualization;;;Multi-genome browser;GUI, web application;https://persephonesoft.com/
Pfam ;alignment, annotation, proteomics;;;protein families database;database;https://pfam.xfam.org/
Phage_Finder;bacteriophages, classification, prediction;https://doi.org/10.1093/nar/gkl732;2006;Automated identification of prophage regions in complete bacterial genome sequences;Perl, command line tool;http://phage-finder.sourceforge.net/
phageboost;bacteriophages, prediction;https://doi.org/10.1093/nargab/lqaa109;2021;Prophage discovery using biological feature engineering and machine learning;Conda, Jupyter Notebook, Python, git repository, machine learning;https://github.com/ku-cbd/PhageBoost
PhageWeb;annotation, bacteriophages, prediction;https://doi.org/10.3389/fgene.2018.00644;2018;Rapid identification and characterization of prophages in bacterial genomes;GUI, Python, command line tool, web application;http://computationalbiology.ufpa.br/phageweb/
phaMers;bacteriophages, classification, metagenomics / metatranscriptomics / metaproteomics;https://doi.org/10.1002/adbi.201900108;2019;Classification of metagenomic contigs as phage or non‐phage;Python, Shell, command line tool, git repository, machine learning;https://github.com/jondeaton/PhaMers
PhANNs;bacteriophages, prediction, proteomics;https://doi.org/10.1371/journal.pcbi.1007845;2020;Identification of phage protein function;Conda, HTML, Python, command line tool, git repository, web application;http://edwards.sdsu.edu/phanns
Phanotate;annotation, bacteriophages, genotyping / subtyping;https://doi.org/10.1093/bioinformatics/btz265;2019;Annotation of phage genomes;C, Python, command line tool, git repository;https://github.com/deprekate/PHANOTATE
PHASTER;annotation, bacteriophages, prediction;https://doi.org/10.1093/nar/gkw387;2016;Identification and annotation of prophage sequences within bacterial genomes;web application;https://phaster.ca/
Phigaro;annotation, bacteriophages, prediction;https://doi.org/10.1093/bioinformatics/btaa250;2020;Scalable command-line tool for predicting phages and prophages;HTML, Python, command line tool, git repository;https://github.com/bobeobibo/phigaro
PhiSpy;bacteriophages, prediction;https://doi.org/10.1093/nar/gks406;2012;Prediction of prophages from bacterial genomes;Conda, Jupyter Notebook, Python, command line tool, git repository;https://github.com/linsalrob/PhiSpy
PHIST;bacteriophages, metagenomics / metatranscriptomics / metaproteomics, virus-host interactions;https://doi.org/10.1093/bioinformatics/btab837;2021;Phage-Host Interaction Search Tool;C++, Python, command line tool, git repository;https://github.com/refresh-bio/PHIST
PHROG;annotation, proteomics;https://dx.doi.org/10.1093%2Fnargab%2Flqab067;2021;Prokaryotic Virus Remote Homologous Groups;database;https://phrogs.lmge.uca.fr/
PhyCovA;epidemiology, phylogenetics, visualization;https://doi.org/10.1093/ve/veac015;2022;exploring covariates of pathogen spread;Docker, Python, git repository, web application;https://evolcompvir-kuleuven.shinyapps.io/PhyCovA/
Phylogeographic reconstruction using air transportation data;epidemiology, phylogenetics;http://dx.doi.org/10.1371/journal.pcbi.1007101;2020;;R, Shell, git repository;https://github.com/hzi-bifo/Phylogeography_Paper
poreCov;assembly, nanopore sequencing;https://doi.org/10.1101/2021.05.07.443089;2021;SARS-CoV-2 genome reconstruction via nanopore sequencing;Conda, Docker, Nextflow, command line tool, git repository;https://github.com/replikation/poreCov
PoSeiDon;(positive) selection, evolution, proteomics, visualization;http://dx.doi.org/10.1093/bioinformatics/btaa695;2020;Positive Selection Detection and recombination analysis of protein-coding genes;C, Docker, Nextflow, Perl, Ruby, command line tool, git repository;https://github.com/hoelzer/poseidon
PoW model;phylogenetics, taxonomy;https://doi.org/10.1016/j.cub.2021.08.020;2021;mechanistic evolutionary model to explain time-dependent pattern of substitution rates in viruses;Mathematica, git repository;https://github.com/mg878/PoW_model
PPR-Meta;annotation, bacteriophages, classification, metagenomics / metatranscriptomics / metaproteomics;https://doi.org/10.1093/gigascience/giz066;2019;Identifying phages and plasmids from metagenomic fragments using deep learning;Matlab, Python, command line tool, git repository;https://github.com/zhenchengfang/PPR-Meta
PrEP;epidemiology, modeling / simulation, therapeutics, virus-host interactions;https://doi.org/10.1371/journal.pcbi.1009295;2021;Pre-exposure prophylaxis estimator;Python, command line tool, git repository;https://github.com/KleistLab/PrEP
PriSeT;primer design;http://dx.doi.org/10.1101/2020.04.06.027961;2020;Efficient De Novo Primer Discovery;C++, Python, R, command line tool, git repository;https://github.com/mariehoffmann/PriSeT
PriSM;primer design;http://dx.doi.org/10.1093/bioinformatics/btq624;2011;create degenerate primers for the amplification and sequencing of short viral genomes;;https://www.broadinstitute.org/viral-genomics/prism
Prophage Hunter;annotation, bacteriophages, prediction;https://doi.org/10.1093/nar/gkz380;2019;Identification of active prophages from whole genome assembly of bacteria;GUI, web application;https://pro-hunter.genomics.cn/
ProphET;annotation, bacteriophages, prediction;https://doi.org/10.1371/journal.pone.0223364;2019;Prophage sequence prediction tool;Perl, Shell, command line tool, git repository;https://github.com/jaumlrc/ProphET
Prophinder;bacteriophages, prediction;https://doi.org/10.1093/bioinformatics/btn043;2008;Detection of prophages in sequenced bacterial genomes;GUI, database, web application;http://aclame.ulb.ac.be/Tools/Prophinder/
Prosit;mass spectrometry, prediction, proteomics;https://doi.org/10.1038/s41592-019-0426-7;2019;proteome-wide prediction of peptide tandem mass spectra by deep learning;web application;https://www.proteomicsdb.org/prosit/
Purple;diagnostics, mass spectrometry, proteomics;http://dx.doi.org/10.3390/v11060536;2019;Strategic Selection of Peptides for Viral Diagnostics Using MS-Based Targeted Proteomics;Conda, Python, command line tool, git repository;https://gitlab.com/rki_bioinformatics/purple
pVOGs;bacteriophages;https://doi.org/10.1093/nar/gkw975;2017;Prokaryotic Virus Orthologous Groups database;database;http://dmk-brain.ecn.uiowa.edu/pVOGs/
PVOGs functional associations;annotation, bacteriophages, prediction;https://doi.org/10.1186/s12859-021-04343-w;2021;pipeline for predicting functional associations between pVOGs;Conda, Jupyter Notebook, Python, Snakemake, command line tool, git repository, machine learning;https://github.com/MGXlab/pvogs_function
Quasimodo;assembly, benchmarking, sequence diversity / variation;https://doi.org/10.1093/bib/bbaa123;2021;Benchmarking workflow to assess variant calling and assembly results.;C++, Conda, Python, R, Snakemake, command line tool, git repository;https://github.com/hzi-bifo/Quasimodo
RABV-GLUE;epidemiology, evolution, sequence diversity / variation;https://doi.org/10.1371/journal.ppat.1010023;2022;A Sequence Data Resource for Rabies Virus;command line tool, web application;http://rabv-glue.cvr.gla.ac.uk/#/home
RaFAH;prediction, virus-host interactions;https://doi.org/10.1016/j.patter.2021.100274;2021;Random Forest Assignment of Hosts for viruses of Bacteria and Archaea;Perl, R, git repository, machine learning;https://sourceforge.net/projects/rafah/
RESEQ;metagenomics / metatranscriptomics / metaproteomics;https://doi.org/10.1093/bioinformatics/btaa926;2020;Measuring reproducibility of virus Meta-Genomics analyses;Python, R, command line tool, git repository;https://github.com/babaksaremi/RESEQ
Rfam COVID-19 Resources;RNA viruses, annotation, transcriptomics;http://dx.doi.org/10.1093/nar/gkaa1047;2021;collection of RNA families;database;https://rfam.org/covid-19
RIEMS;classification, metagenomics / metatranscriptomics / metaproteomics, taxonomy;http://dx.doi.org/10.1186/s12859-015-0503-6;2015;Reliable Information Extraction from Metagenomic Sequence datasets;Perl, Shell, command line tool, git repository;https://www.fli.de/en/institutes/institute-of-diagnostic-virology-ivd/laboratories-working-groups/laboratory-for-ngs-and-microarray-diagnostics/#c4651
RNAalifold;RNA secondary structure (prediction), RNA viruses;http://dx.doi.org/10.1186/1748-7188-6-26;2011;calculating secondary structures for a set of aligned RNAs;command line tool;https://www.tbi.univie.ac.at/RNA/RNAalifold.1.html
RNACentral ;RNA viruses, transcriptomics;;2020;Betacoronavirus sequence similarity search;database;https://covid19sequencesearch.github.io/
RotaC2.0;genotyping / subtyping;http://dx.doi.org/10.1186/1471-2180-9-238;2009;Fast rotavirus genotype differentiation;web application;http://rotac.regatools.be/
SANTA-SIM ;(positive) selection, evolution, modeling / simulation;http://dx.doi.org/10.1093/ve/vez003;2019;Simulating viral sequence evolution dynamics under selection and recombination;GUI, Java, git repository;https://github.com/santa-dev/santa-sim
SARS-CoV-2 Genome Assembly and Annotation Service;annotation, assembly;;2020;;web application;https://www.bv-brc.org/app/ComprehensiveSARS2Analysis
sars2seq;sequence diversity / variation;;2021;summarize changes from a given reference;Python, command line tool, git repository;https://github.com/virologyCharite/sars2seq
Seeker;bacteriophages, classification, metagenomics / metatranscriptomics / metaproteomics;https://doi.org/10.1093/nar/gkaa856;2020;Alignment-free identification of bacteriophage genomes by deep learning;Python, command line tool, git repository, web application;https://github.com/gussow/seeker
serratus;metagenomics / metatranscriptomics / metaproteomics, sequence diversity / variation, viromics, visualization;https://doi.org/10.1038/s41586-021-04332-2;2022;Explore the raw sequencing virome of millions of samples collected by the world biological community;web application;https://serratus.io/
SilentMutations (SIM);RNA secondary structure (prediction), RNA viruses, sequence diversity / variation;http://dx.doi.org/10.1016/j.virusres.2018.11.005;2019;Analyzing long-range RNA–RNA interactions in viral genomes;Conda, Docker, Python, command line tool, git repository;https://github.com/desiro/silentMutations
SpacePHARER;bacteriophages, genotyping / subtyping, prediction;https://doi.org/10.1101/2020.05.15.090266;2020;CRISPR Spacer Phage-Host Pair Finder;C++, Conda, Docker, command line tool, git repository;https://github.com/soedinglab/spacepharer
SpikePro;(positive) selection, alignment, proteomics;https://doi.org/10.1101/2021.04.11.439322;2021;predict the fitness of a SARS-CoV-2 strain;C++, command line tool, git repository;https://github.com/3BioCompBio/SpikeProSARS-CoV-2
SplitsTree;phylogenetics;https://doi.org/10.1093/molbev/msj030;2006;compute unrooted phylogenetic networks from molecular sequence data;GUI, Java;https://ab.inf.uni-tuebingen.de/software/splitstree
Sweep Dynamics (SD) plots;(positive) selection, evolution, phylogenetics;https://doi.org/10.1038/s41598-017-18791-z;2018;Computational identification of selective sweeps;Docker, command line tool, git repository;https://github.com/hzi-bifo/SDplots
TABAJARA;annotation, classification;https://doi.org/10.36255/exonpublications.bioinformatics.2021.ch9;2021;rational design of profile Hidden Markov Models;Perl, command line tool, git repository;https://github.com/gruberlab/tabajara
Tanoti;alignment;;;BLAST guided reference based short read aligner;C, Shell, command line tool, git repository;http://www.bioinformatics.cvr.ac.uk/tanoti.php
TaxIt ;classification, mass spectrometry, proteomics, taxonomy;http://dx.doi.org/10.1021/acs.jproteome.9b00714;2020;Untargeted strain-level identification using MS/MS spectra;Conda, Java, Python, R, Snakemake, git repository;https://gitlab.com/mkuhring/TaxIt
TreeKnit;phylogenetics;https://doi.org/10.1101/2021.12.20.473456;2021;Ancestral Reassortment Graphs for segmented genomes;Julia, command line tool, git repository;https://github.com/PierreBarrat/TreeKnit.jl
UniProt COVID-19 protein portal;annotation, proteomics;;2020;rapid access to protein information;database;https://covid-19.uniprot.org/
V-FAT;annotation, assembly;;;Viral Finishing and Annotation Toolkit;Perl, R, command line tool;https://www.broadinstitute.org/viral-genomics/v-fat
V-Pipe;diagnostics, sequence diversity / variation;http://dx.doi.org/10.1093/infdis/jiz094;2019;Mining viral genomes and improve clinical diagnostics;Conda, Snakemake, command line tool, git repository;https://cbg-ethz.github.io/V-pipe/
VADR;alignment, annotation;https://doi.org/10.1186/s12859-020-3537-3;2019;SARS-CoV-2 genome annotation and validation;Perl, command line tool, git repository;https://github.com/nawrockie/vadr
VBRC Tools for Coronaviruses;alignment, annotation, proteomics, visualization;;2020;;GUI, command line tool, database, web application;https://4virology.net/organisms/coronaviridae/
vConTACT v.2.0;classification, metagenomics / metatranscriptomics / metaproteomics, taxonomy;http://dx.doi.org/10.1038/s41587-019-0100-8;2019;Taxonomic assignment of uncultivated prokaryotic virus genomes;Conda, Python, command line tool;https://bitbucket.org/MAVERICLab/vcontact2/src/master/
VFM;annotation, bacteriophages, genotyping / subtyping, metagenomics / metatranscriptomics / metaproteomics;doi:10.1109/ACCESS.2019.2957833;2020;Mining phages from metagenomes based on gene and genome composition;C++, Python, command line tool, git repository;https://github.com/liuql2019/VFM
VIBRANT;annotation, genotyping / subtyping, metagenomics / metatranscriptomics / metaproteomics, prediction;https://doi.org/10.1186/s40168-020-00867-0;2020;Virus Identification By iteRative ANnoTation;Conda, Python, command line tool, git repository, machine learning;https://github.com/AnantharamanLab/VIBRANT
VIBRANT ;annotation, bacteriophages, metagenomics / metatranscriptomics / metaproteomics;https://doi.org/10.1186/s40168-020-00867-0;2020;Virus Identification By iteRative ANnoTation;Python, command line tool, git repository, machine learning;https://github.com/AnantharamanLab/VIBRANT
VIcaller;viral integration / EVEs;dx.doi.org/10.1101/gr.242529.118;2019;detect virome-wide viral integrations;Perl, command line tool, git repository;https://github.com/xunchen85/VIcaller
VICTOR;classification, genotyping / subtyping, phylogenetics, proteomics;http://dx.doi.org/10.1093/bioinformatics/btx440;2017;Virus Classification and Tree Building Online Resource;web application;https://victor.dsmz.de/
http://bioinformatics.cvr.ac.uk/victree;alignment, classification, phylogenetics, proteomics, taxonomy;http://dx.doi.org/10.1093/bioinformatics/bty099;2018;taxonomic classification from protein sequences;command line tool, git repository, web application;http://bioinformatics.cvr.ac.uk/victree
VICUNA;assembly;http://dx.doi.org/10.1186/1471-2164-13-475;2012;De novo assembly targeting highly diverse viral populations;command line tool;https://www.broadinstitute.org/viral-genomics/vicuna
VIDHOP;epidemiology, prediction, virus-host interactions;https://doi.org/10.1093/bioinformatics/btaa705;2020;viral host prediction with deep learning;Python, command line tool, git repository;https://github.com/flomock/vidhop
VIGA;annotation, metagenomics / metatranscriptomics / metaproteomics;https://doi.org/10.1101/277509;2018;de novo VIral Genome Annotator;Docker, Python, command line tool, git repository;https://github.com/EGTortuero/viga
VIGOR4;annotation, prediction, proteomics;http://dx.doi.org/10.1186/1471-2105-11-451;2010;Predict protein sequences encoded in viral genomes;database;https://github.com/JCVenterInstitute/VIGOR4
VIP;annotation, classification, metagenomics / metatranscriptomics / metaproteomics;https://doi.org/10.1038/srep23774;2017;Integrated pipeline for metagenomics of virus identification and discovery;Docker, Perl, Shell, command line tool, git repository;https://github.com/keylabivdc/VIP/
VIpower;viral integration / EVEs;http://dx.doi.org/10.1016/j.ygeno.2019.01.015;2019;Estimating power of Viral Integration;R, command line tool, web application;http://www.uvm.edu/genomics/software/VIpower/live/
ViPR;alignment, epitopes, phylogenetics, proteomics, taxonomy, therapeutics;http://dx.doi.org/10.1093/nar/gkr859;2011;Virus Pathogen Resource;database;https://www.viprbrc.org/
ViPR Hepatitis C Virus Database;annotation, diagnostics, genotyping / subtyping, phylogenetics, proteomics, therapeutics;http://dx.doi.org/10.1007/978-1-4939-8976-8_3;2018;;database;https://www.viprbrc.org/brc/home.spg?decorator=flavi_hcv
ViPR Rotavirus A Genotype Determination;classification, genotyping / subtyping;;;optimized reimplementation of RotaC2.0;web application;https://www.viprbrc.org/brc/rvaGenotyper.spg?method=ShowCleanInputPage&decorator=reo#
ViPR SARS-CoV-2 data portal;alignment, epitopes, phylogenetics, proteomics, therapeutics;http://dx.doi.org/10.1093/nar/gkr859;2020;;database;https://www.viprbrc.org/brc/home.spg?decorator=corona_ncov
Viral variant visualizer VVV;sequence diversity / variation, visualization;https://doi.org/10.1016/j.virusres.2020.198201;2020;rapid and simple visualization of viral genetic diversity;Python, git repository;https://github.com/ALFLAG/Viral_Variant_Visualiser
viralComplete;annotation, assembly, sequence diversity / variation;;2019;BLAST-based viral completeness verification;Python, command line tool, git repository;https://github.com/ablab/viralComplete/
ViralFlow;annotation, assembly, sequence diversity / variation;https://doi.org/10.3390/v14020217;2022;reference guided genome assembly of SARS-CoV-2;Docker, Python, command line tool, git repository, pip;https://github.com/dezordi/ViralFlow
viralMetagenomicsPipeline;annotation, classification, metagenomics / metatranscriptomics / metaproteomics;;2020;Metagenomic community analysis using DNA isolated from virus-like particles;Conda, Python, R, Shell, Snakemake, command line tool, git repository;https://github.com/wclose/viralMetagenomicsPipeline
ViralPlaque;image analysis;https://doi.org/10.7717/peerj.7729;2019;determination of viral plaque dimensions from digital images;ImageJ, machine learning;https://sourceforge.net/projects/viralplaque/
viralrecon;assembly, metagenomics / metatranscriptomics / metaproteomics, sequence diversity / variation;https://doi.org/10.5281/zenodo.3901628;2020;Assembly and intrahost/low-frequency variant calling for viral samples;Docker, Nextflow, Python, R;https://github.com/nf-core/viralrecon
viralVerify;classification;;2019;viral contig verification tool;Python, command line tool, git repository;https://github.com/ablab/viralVerify/
ViralZone;epidemiology, proteomics, sequence diversity / variation, taxonomy;http://dx.doi.org/10.1093/nar/gkq901;2011;Understand virus diversity;database;http://viralzone.expasy.org/
ViraMiner;alignment, annotation, metagenomics / metatranscriptomics / metaproteomics;https://doi.org/10.1371/journal.pone.0222271;2019;CNN based classifier for detecting viral sequences among metagenomic contigs;Python, command line tool, git repository, machine learning;https://github.com/NeuroCSUT/ViraMiner
virAnnot;annotation, metagenomics / metatranscriptomics / metaproteomics, taxonomy;https://doi.org/10.1094/PBIOMES-07-19-0037-A;2019;Automated Viral Diversity Estimation and Operational Taxonomy Units Assignation;Perl, Python, command line tool, git repository;https://github.com/marieBvr/virAnnot
VirClust;annotation, classification, proteomics;https://doi.org/10.1101/2021.06.14.448304;2021;hierarchical clustering, core gene detection and annotation of (prokaryotic) viruses;R, shiny, web application;https://rhea.icbm.uni-oldenburg.de/VIRCLUST/
VirFinder;annotation, classification, metagenomics / metatranscriptomics / metaproteomics;https://doi.org/10.1186/s40168-017-0283-5;2017;k-mer based tool for identifying viral sequences from assembled metagenomic data;C++, Python, R, command line tool, git repository;https://github.com/jessieren/VirFinder
VirHostMatcher;annotation, virus-host interactions;https://doi.org/10.1093/nar/gkw1002;2018;matching hosts of viruses based on oligonucleotide frequency (ONF) comparison;HTML, command line tool, git repository;https://github.com/jessieren/VirHostMatcher
VirHostNet 2.0;proteomics, virus-host interactions;https://doi.org/10.1093/nar/gku1121;2015;management & analysis of proteome-wide virus–host interaction networks;database;http://virhostnet.prabi.fr/
VIRIDIC;bacteriophages, evolution, sequence diversity / variation;https://doi.org/10.3390/v12111268;;Virus Intergenomic Distance Calculator;R, shiny, web application;http://rhea.icbm.uni-oldenburg.de/shiny/VIRIDIC01/
VIRify;annotation, bacteriophages, classification, metagenomics / metatranscriptomics / metaproteomics, taxonomy, transcriptomics;;;detection of phages and eukaryotic viruses from metagenomic and metatranscriptomic assemblies;CWL, Conda, Docker, Nextflow, Python, R, Ruby, Shell, command line tool, git repository;https://github.com/EBI-Metagenomics/emg-viral-pipeline
VirION2;assembly, metagenomics / metatranscriptomics / metaproteomics, sequence diversity / variation;https://doi.org/10.7717/peerj.11088;2021;short- and long-read sequencing to study the genomic diversity of viruses;protocol;https://dx.doi.org/10.17504/protocols.io.6q9hdz6
virMine;annotation, assembly, classification, metagenomics / metatranscriptomics / metaproteomics;https://doi.org/10.7717/peerj.6695;2019;Automated detection of viral sequences from complex metagenomic samples;Docker, Python, Shell, command line tool, git repository;https://github.com/thatzopoulos/virMine
VirMiner;annotation, assembly, bacteriophages, metagenomics / metatranscriptomics / metaproteomics, virus-host interactions;https://doi.org/10.1186/s40168-019-0657-y;2020;Quality control of metagenomic raw reads and phage contig indentification;Perl, Shell, command line tool, git repository, web application;https://github.com/TingtZHENG/VirMiner
VirNet;annotation, bacteriophages, classification, metagenomics / metatranscriptomics / metaproteomics;doi:10.1109/ICCES.2018.8639400;2020;A deep attention model for viral reads identification;Jupyter Notebook, Python, git repository;https://github.com/alyosama/virnet
ViroidDB;RNA secondary structure (prediction), RNA viruses;https://doi.org/10.1093/nar/gkab974;2021;database of viroids and viroid-like circular RNAs;database, web application;https://viroids.org/
viromeBrowser;annotation, metagenomics / metatranscriptomics / metaproteomics, visualization;https://doi.org/10.3390/v13030437;2021;Browsing Virome Sequencing Analysis Results;R, shiny, web application;https://CRAN.R-project.org/package=viromeBrowser
Virosaurus;diagnostics, sequence diversity / variation;https://doi.org/10.3390/v12111248;2020;A Reference to Explore and Capture Virus Genetic Diversity;database;https://viralzone.expasy.org/8676
VirSorter;annotation, metagenomics / metatranscriptomics / metaproteomics;http://dx.doi.org/10.7717/peerj.985;2015;Mining viral signal from microbial genomic data;Conda, Docker, Perl, command line tool, git repository;https://github.com/simroux/VirSorter
VirSorter2;RNA viruses, annotation, metagenomics / metatranscriptomics / metaproteomics;https://doi.org/10.1186/s40168-020-00990-y;2021;multi-classifier, expert-guided approach to detect diverse DNA and RNA viruses;Conda, Python, command line tool, git repository, machine learning, web application;https://bitbucket.org/MAVERICLab/virsorter2
VIRULIGN;alignment, annotation;http://dx.doi.org/10.1093/bioinformatics/bty851;2018;Fast codon-correct alignment and annotation of viral genomes;C, C++, command line tool, git repository;https://github.com/rega-cev/virulign
Virus Typing Servers;genotyping / subtyping;;2016;;;http://bioinfo.unipune.ac.in/
Virus Variation Resource;sequence diversity / variation, visualization;;;web retrieval interfaces, analysis and visualization tools;database;https://www.ncbi.nlm.nih.gov/genome/viruses/variation/
virus_prediction;annotation, metagenomics / metatranscriptomics / metaproteomics;;2020;Identify and annotate viral sequences from metagenomic assembled contigs;Nextflow, Python, Shell, command line tool, git repository;https://github.com/rujinlong/virus_prediction
Viruses.STRING;protein-protein interactions, proteomics, virus-host interactions;http://dx.doi.org/10.3390/v10100519;2018;Virus-Host Protein-Protein Interaction Database;database;http://viruses.string-db.org/
ViruSpy;annotation, assembly, metagenomics / metatranscriptomics / metaproteomics, viral integration / EVEs;;2017;Pipeline for viral identification from metagenomic samples;Perl, Python, Shell, command line tool, git repository;https://github.com/NCBI-Hackathons/ViruSpy
VODAN;epidemiology;;;Virus Outbreak Data Network;database;https://www.go-fair.org/implementation-networks/overview/vodan/
VOGDB;classification, metagenomics / metatranscriptomics / metaproteomics, phylogenetics;;2017;Virus Orthologous Groups database;database;https://vogdb.csb.univie.ac.at/
What the Phage ;annotation, bacteriophages;http://dx.doi.org/10.1101/2020.07.24.219899;2020;Scalable workflow for the identification and analysis of phage sequences;Docker, HTML, Nextflow;https://github.com/replikation/What_the_Phage